,Sharpe_10,Sharpe_30
VX4-VS4,2.7160392221995564,2.6714467081684705
VX-VS,2.1939625616142044,0.5142154445542252
VX+ES,1.8217522082628228,0.11335976292129626
ZF-ZB+.3*ES,1.4398258147919953,1.4454888062073865
VX3-VS3,1.3986552008274744,2.2173952016218847
VX2-VS2,0.8125111076625694,0.47239484845768087
ZN-ZB-.33*VX2,0.6788067025210712,1.4420243906075336
VX2+ES,0.6359638296988682,-0.5492513812538029
ZF-ZB-.33*VX2,0.13632480161491106,0.40202592172353474
