,Sharpe_10,Sharpe_30
VX-VS,2.550422194883211,0.648153407898764
ZF-ZB+.3*ES,2.1606036561687074,2.3799606564594082
VX3-VS3,1.8098401502663741,2.8704025688943284
VX4-VS4,1.5966092891742751,2.663823207876242
VX+ES,1.4686839913592884,0.24538703237592974
ZN-ZB-.33*VX2,0.9485639530635833,2.0469931567314066
VX2-VS2,0.8163733639515807,1.0611002371620346
VX2+ES,0.7310451119248204,0.2656563516923779
ZF-ZB-.33*VX2,0.34261569395877906,1.376976912017716
