,Sharpe_10,Sharpe_30
VX3-VS3,3.13226937687,3.50292934468
ZN-ZB+.3*ES,2.81182992301,3.65738395332
ZN-ZB-.33*VX2,2.39180458415,2.77767416341
VX-VS,2.20376458659,0.712507055836
VX4-VS4,1.93582075116,3.21247431349
VX2-VS2,1.26838453819,1.16668658358
VX+ES,0.996573610968,0.27720709247
ZF-ZB+.3*ES,0.728659842478,1.72738842641
VX2+ES,0.502324084918,0.357421675931
ZF-ZB-.33*VX2,0.182300978651,0.990840812033
