,Sharpe_10,Sharpe_30
VX3-VS3,3.270664497277528,3.580233298474421
ZN-ZB+.3*ES,2.7294530805768704,3.6395445877962156
VX-VS,2.359138793234615,0.763348247013925
ZN-ZB-.33*VX2,2.353537849073973,2.7705054838417373
VX4-VS4,1.5104454290143754,2.960047169882427
VX2-VS2,1.4687764531746925,1.3754813855410932
VX+ES,0.9965972840266435,0.2773058742016791
ZF-ZB+.3*ES,0.6900481782050663,1.6882789078072251
ZF-ZB-.33*VX2,0.18900467860848125,0.9959822392832405
VX2+ES,0.1495913010746553,0.19505786208773437
