,Sharpe_10,Sharpe_30
VX+ES,2.5520855833672513,0.3516715231524891
ZF-ZB+.3*ES,2.054779257437204,1.6436495806201517
VX-VS,1.8088828408521236,0.3160982387741027
VX3-VS3,1.663450667821942,2.0876858051602927
VX4-VS4,1.3108162539641763,1.8245174604855343
ZN-ZB-.33*VX2,1.1065901048730251,1.385625655049139
VX2-VS2,1.0432728952548844,0.23831761861392808
VX2+ES,0.982211147148058,-0.43595922521302116
ZF-ZB-.33*VX2,0.35097558606820367,0.39515198508903343
