,Sharpe_10,Sharpe_30
VX3-VS3,2.81853845375,3.60400039293
ZN-ZB+.3*ES,2.36336600581,3.40532298628
ZN-ZB-.33*VX2,2.00399874463,2.60327902156
VX-VS,1.94841208838,0.76317114248
VX2-VS2,1.47743741808,1.17421141749
VX4-VS4,1.20093505259,2.97290889605
VX+ES,0.619907748589,0.27720709247
ZF-ZB+.3*ES,0.423876706954,1.66657266461
VX2+ES,0.203711900064,0.0520819620365
ZF-ZB-.33*VX2,-0.187984208437,0.946302152375
