,Sharpe_10,Sharpe_30
ZF-ZB+.3*ES,2.6924486134265293,2.502157176763533
ZN-ZB+.3*ES,2.5760195360467057,3.46562245956975
VX3-VS3,2.3856071465818336,3.0241177976463764
VX-VS,2.179029373159995,0.648153407898764
VX+ES,1.7654555645169683,0.31665332116620193
ZN-ZB-.33*VX2,1.6854806010416061,2.3184357182899795
VX4-VS4,1.6059321637302537,2.663823207876242
VX2-VS2,1.305329254028543,1.1488217386596442
VX2+ES,1.2008467346061598,0.3965243784282393
ZF-ZB-.33*VX2,0.7657532441208164,1.4606104424120792
