,Sharpe_10,Sharpe_30
ZN-ZB+.3*ES,3.2270424495115613,3.4476777747125005
ZN-ZB-.33*VX2,3.048721681000066,2.4354141807482512
VX3-VS3,2.9682848249154743,3.4161300568221513
VX-VS,1.9484120883846097,0.5157976854260649
VX2-VS2,1.4774374180754906,0.8834195123661678
ZF-ZB+.3*ES,0.9332514162807475,1.6359633304510515
ZF-ZB-.33*VX2,0.8727898470300397,0.7649717244286489
VX4-VS4,0.7998763434986207,2.6575713251895237
VX+ES,0.5817385131866551,0.5651473821762895
VX2+ES,-0.22506322572384024,-0.09867166882227561
