,Sharpe_10,Sharpe_30
VX3-VS3,2.911533617872325,3.298063398176865
ZN-ZB+.3*ES,2.3594151830985375,3.4032263216537837
VX-VS,2.3401792112064577,0.793356169334033
ZN-ZB-.33*VX2,2.084040164984198,2.5950175408942564
VX4-VS4,1.885629129570376,2.94179417918779
ZF-ZB+.3*ES,1.3026957008266677,1.9704126042669123
VX2-VS2,1.2683845381911385,1.1666865835756288
VX+ES,1.2378800692773366,0.17528131837526986
VX2+ES,0.8832450097056866,0.23787281760503076
ZF-ZB-.33*VX2,0.5833119165208385,1.3067429897443383
